{"cameraMode":{"drawMode":0,"name":"Shaded","section":"Shading Mode"},"sceneLighting":false,"audioPlay":false,"sceneViewState":{"showFog":true,"showMaterialUpdate":false,"showSkybox":false,"showFlares":true,"showImageEffects":true,"showParticleSystems":true},"in2DMode":false,"pivot":{"x":-9.298196792602539,"y":-20.791162490844728,"z":-7.79440450668335},"rotation":{"x":0.03278040140867233,"y":-0.9650331139564514,"z":0.18288592994213105,"w":0.1853034645318985},"size":2.078461170196533,"orthographic":false}