{"cameraMode":{"drawMode":0,"name":"Shaded","section":"Shading Mode"},"sceneLighting":true,"audioPlay":false,"sceneViewState":{"showFog":true,"showMaterialUpdate":false,"showSkybox":true,"showFlares":true,"showImageEffects":true,"showParticleSystems":true},"in2DMode":false,"pivot":{"x":16.96537971496582,"y":-15.734475135803223,"z":-20.803993225097658},"rotation":{"x":-0.009296945296227932,"y":0.01758466847240925,"z":0.00017331518756691366,"w":-0.999994158744812},"size":10.0,"orthographic":false}