{"cameraMode":{"drawMode":0,"name":"Shaded","section":"Shading Mode"},"sceneLighting":false,"audioPlay":false,"sceneViewState":{"showFog":true,"showMaterialUpdate":false,"showSkybox":false,"showFlares":true,"showImageEffects":true,"showParticleSystems":true},"in2DMode":false,"pivot":{"x":-2.980232238769531e-7,"y":0.1894332617521286,"z":0.0},"rotation":{"x":-0.028010891750454904,"y":-0.9288730621337891,"z":0.3638617992401123,"w":-0.06739694625139237},"size":0.45811325311660769,"orthographic":false}