{"cameraMode":{"drawMode":0,"name":"Shaded","section":"Shading Mode"},"sceneLighting":false,"audioPlay":false,"sceneViewState":{"showFog":true,"showMaterialUpdate":false,"showSkybox":false,"showFlares":true,"showImageEffects":true,"showParticleSystems":true},"in2DMode":false,"pivot":{"x":-8.283415794372559,"y":-21.505430221557618,"z":-8.44919204711914},"rotation":{"x":0.05082030966877937,"y":-0.9448563456535339,"z":0.1939709633588791,"w":0.25920432806015017},"size":1.0392311811447144,"orthographic":false}