{"cameraMode":{"drawMode":0,"name":"Shaded","section":"Shading Mode"},"sceneLighting":false,"audioPlay":false,"sceneViewState":{"showFog":true,"showMaterialUpdate":false,"showSkybox":false,"showFlares":true,"showImageEffects":true,"showParticleSystems":true},"in2DMode":false,"pivot":{"x":-9.83989143371582,"y":-3.03201961517334,"z":-1.0367947816848755},"rotation":{"x":0.0044405413791537289,"y":-0.9889814853668213,"z":0.04718999192118645,"w":0.14077091217041017},"size":1.3856407403945923,"orthographic":false}