{"cameraMode":{"drawMode":0,"name":"Shaded","section":"Shading Mode"},"sceneLighting":false,"audioPlay":false,"sceneViewState":{"showFog":true,"showMaterialUpdate":false,"showSkybox":false,"showFlares":true,"showImageEffects":true,"showParticleSystems":true},"in2DMode":false,"pivot":{"x":-8.790987014770508,"y":-21.27837562561035,"z":-8.524236679077149},"rotation":{"x":0.04167171195149422,"y":-0.9463236927986145,"z":0.14596624672412873,"w":0.2856224775314331},"size":1.1258326768875123,"orthographic":false}