{"cameraMode":{"drawMode":0,"name":"Shaded","section":"Shading Mode"},"sceneLighting":false,"audioPlay":false,"sceneViewState":{"showFog":true,"showMaterialUpdate":false,"showSkybox":false,"showFlares":true,"showImageEffects":true,"showParticleSystems":true},"in2DMode":false,"pivot":{"x":0.0000011920928955078126,"y":0.7034523487091065,"z":0.0000012218952178955079},"rotation":{"x":-0.01363965030759573,"y":-0.9657096266746521,"z":0.25626832246780398,"w":-0.0455356128513813},"size":1.1060212850570679,"orthographic":false}