{"cameraMode":{"drawMode":0,"name":"Shaded","section":"Shading Mode"},"sceneLighting":false,"audioPlay":false,"sceneViewState":{"showFog":true,"showMaterialUpdate":false,"showSkybox":false,"showFlares":true,"showImageEffects":true,"showParticleSystems":true},"in2DMode":false,"pivot":{"x":0.00015497207641601563,"y":0.8651699423789978,"z":-0.06279197335243225},"rotation":{"x":0.05889221280813217,"y":0.8933062553405762,"z":-0.11703550070524216,"w":0.43023040890693667},"size":1.435189127922058,"orthographic":false}