{"cameraMode":{"drawMode":0,"name":"Shaded","section":"Shading Mode"},"sceneLighting":true,"audioPlay":false,"sceneViewState":{"showFog":true,"showMaterialUpdate":false,"showSkybox":false,"showFlares":true,"showImageEffects":true,"showParticleSystems":true},"in2DMode":false,"pivot":{"x":0.0,"y":-0.02674812078475952,"z":0.03483022749423981},"rotation":{"x":0.02009955793619156,"y":0.9771850109100342,"z":-0.09005651623010636,"w":0.19220587611198426},"size":0.18614313006401063,"orthographic":false}