{"cameraMode":{"drawMode":0,"name":"Shaded","section":"Shading Mode"},"sceneLighting":false,"audioPlay":false,"sceneViewState":{"showFog":true,"showMaterialUpdate":false,"showSkybox":false,"showFlares":true,"showImageEffects":true,"showParticleSystems":true},"in2DMode":false,"pivot":{"x":-9.96856689453125,"y":-20.561004638671876,"z":-9.156000137329102},"rotation":{"x":0.09548784792423248,"y":-0.24840646982192994,"z":-0.024720007553696634,"w":-0.9636268019676209},"size":1.288228988647461,"orthographic":false}