{"cameraMode":{"drawMode":0,"name":"Shaded","section":"Shading Mode"},"sceneLighting":false,"audioPlay":false,"sceneViewState":{"showFog":true,"showMaterialUpdate":false,"showSkybox":false,"showFlares":true,"showImageEffects":true,"showParticleSystems":true},"in2DMode":false,"pivot":{"x":-14.736871719360352,"y":-15.558987617492676,"z":-34.431827545166019},"rotation":{"x":0.09548784792423248,"y":-0.24840646982192994,"z":-0.024720007553696634,"w":-0.9636268019676209},"size":10.0,"orthographic":false}