{"cameraMode":{"drawMode":0,"name":"Shaded","section":"Shading Mode"},"sceneLighting":false,"audioPlay":false,"sceneViewState":{"showFog":true,"showMaterialUpdate":false,"showSkybox":false,"showFlares":true,"showImageEffects":true,"showParticleSystems":true},"in2DMode":false,"pivot":{"x":5.960464477539063e-7,"y":0.26613935828208926,"z":0.0},"rotation":{"x":0.23210789263248444,"y":-0.11510049551725388,"z":0.02705114707350731,"w":0.965671956539154},"size":0.8403935432434082,"orthographic":false}